filename,width,height,class,xmin,ymin,xmax,ymax,source
kangaroo-623.jpg,1000,667,kangaroo,26,165,196,629,https://animals.sandiegozoo.org/sites/default/files/inline-images/mob-of-kangaroos.jpg
kangaroo-456.jpg,1200,720,kangaroo,741,1,1058,720,https://cdn2.wanderlust.co.uk/media/3741/articles-kangaroo-island.jpg?anchor=center&mode=crop&width=1200&height=0&rnd=131480779290000000
kangaroo-25.jpg,1900,1289,kangaroo,1020,831,1225,1114,https://www.nationalgeographic.com/content/dam/magazine/rights-exempt/2019/02/kangaroo-controversy/kangaroo-controversy-grassland-national-parka.adapt.1900.1.jpg
kangaroo-434.jpg,805,604,kangaroo,468,4,805,604,https://i.insider.com/5aeb3e57bd96714d008b45d6?width=805&format=jpeg
kangaroo-596.jpg,679,929,kangaroo,1,683,161,925,https://images-na.ssl-images-amazon.com/images/I/71-O2WHHtmL._AC_SX679_.jpg
kangaroo-652.jpg,1908,1146,kangaroo,1634,364,1768,479,https://i.dailymail.co.uk/1s/2020/04/08/00/26931988-0-image-a-10_1586301423163.jpg
kangaroo-692.jpg,1000,600,kangaroo,428,74,623,565,https://www.echidnawalkabout.com.au/wp-content/uploads/2018/01/EASTERN-grey-kangaroos-Fighting-091017p22wmlores.jpg
kangaroo-683.jpg,300,168,kangaroo,1,61,52,91,https://encrypted-tbn0.gstatic.com/images?q=tbn:ANd9GcQ1PhEhJlHRTLditVxU7eRetb41I4MZUTprGQ&usqp=CAU
kangaroo-707.jpg,1280,720,kangaroo,745,102,1084,658,https://i.ytimg.com/vi/aqCiK2E8rs0/maxresdefault.jpg
kangaroo-34.jpg,1200,800,kangaroo,658,371,766,713,https://images.newscientist.com/wp-content/uploads/2020/12/15192905/16-dec_kangaroos-ask-for-help.jpg
kangaroo-715.jpg,1000,500,kangaroo,528,253,665,454,https://www.echidnawalkabout.com.au/wp-content/uploads/2018/11/EASTERN-grey-kangaroos-sunset-051118hfp01wmlow-min.jpg
kangaroo-231.jpg,1356,668,kangaroo,524,263,585,335,https://scx2.b-cdn.net/gfx/news/hires/2019/kangaroosand.jpg
kangaroo-28.jpg,1280,720,kangaroo,226,11,953,720,https://i.ytimg.com/vi/yH-7CnW_5Yc/maxresdefault.jpg
kangaroo-229.jpg,1120,450,kangaroo,531,86,602,368,https://storyworks3.scholastic.com/content/dam/classroom-magazines/storyworksjr/issues/2019-20/100119/invasion-of-the-kangaroos/STWJ-102019-WPOWER-Hero.jpg
kangaroo-372.jpg,862,575,kangaroo,527,246,786,425,https://www.abc.net.au/cm/rimage/12276964-3x2-xlarge.jpg?v=2
kangaroo-36.jpg,1280,720,kangaroo,540,66,746,690,https://i.ytimg.com/vi/8QcH4Msa7GY/maxresdefault.jpg
kangaroo-6.jpg,721,960,kangaroo,72,60,484,960,https://media.npr.org/assets/img/2018/12/10/roger-the-kangaroo-sanctuary-alice-springs-2_custom-e0dfceba6d2665cc8cc0daa5a57eae2bcda46ad8.jpg
kangaroo-139.jpg,1024,576,kangaroo,242,68,1001,482,https://m.dw.com/image/46064583_101.jpeg
kangaroo-540.jpg,1100,733,kangaroo,273,183,461,316,https://i.insider.com/5e3ca328d9db1d68f810ecb6?width=1100&format=jpeg&auto=webp
kangaroo-696.jpg,1100,619,kangaroo,340,26,815,619,https://cdn.cnn.com/cnnnext/dam/assets/200716163115-fort-lauderdale-kangaroo-super-tease.jpg
kangaroo-201.jpg,259,194,kangaroo,141,72,259,194,https://encrypted-tbn0.gstatic.com/images?q=tbn:ANd9GcR9SgkHbtQY9qpGSIbkljU8mDAkMfCLsc0B7Q&usqp=CAU
kangaroo-269.jpg,828,591,kangaroo,416,234,582,550,https://cdn.audleytravel.com/828/591/60/166231-kangaroos-the-margaret-river-region-western-australia.jpg
kangaroo-146.jpg,3200,1791,kangaroo,1271,165,2875,1791,"https://www.gannett-cdn.com/presto/2019/05/14/PLSJ/7938a1b3-f045-49b2-8aae-e7c4ffab4381-Joey.jpeg?crop=3206,1794,x0,y0&width=3200&height=1791&format=pjpg&auto=webp"
kangaroo-366.jpg,1600,1067,kangaroo,49,50,1259,1011,https://upload.wikimedia.org/wikipedia/commons/f/f1/Red_kangaroo_-_melbourne_zoo.jpg
kangaroo-587.jpg,866,1390,kangaroo,18,128,786,1301,https://c8.alamy.com/comp/X9NRB2/kangaroo-wallaby-bread-portrait-australia-to-gorge-engulf-devour-X9NRB2.jpg
kangaroo-581.jpg,251,201,kangaroo,31,35,238,164,https://encrypted-tbn0.gstatic.com/images?q=tbn:ANd9GcQkxOSNETanMtdK96xkqipOYZ-xqy6XpI-mCQ&usqp=CAU
kangaroo-372.jpg,862,575,kangaroo,403,293,606,445,https://www.abc.net.au/cm/rimage/12276964-3x2-xlarge.jpg?v=2
kangaroo-23.jpg,1024,576,kangaroo,266,46,1024,494,https://m.dw.com/image/16163787_101.jpg
kangaroo-375.jpg,1200,900,kangaroo,319,136,608,386,"https://img.etimg.com/thumb/width-1200,height-900,imgsize-182248,resizemode-1,msid-50463958/news/politics-and-nation/kolkata-zoo-authorities-decide-against-keeping-kangaroos.jpg"
kangaroo-26.jpg,1200,900,kangaroo,400,50,1005,900,https://i.guim.co.uk/img/media/09be3e804dd1dab01877a47a6079b434ff7e21b6/0_0_3456_2074/master/3456.jpg?width=1200&height=900&quality=85&auto=format&fit=crop&s=f3d1ed6222b7204b7197426896da22dd
kangaroo-116.jpg,1800,1200,kangaroo,807,670,1072,1164,https://static01.nyt.com/images/2020/12/18/world/18oz-kangaroo/18oz-kangaroo-mobileMasterAt3x.jpg
kangaroo-572.jpg,940,529,kangaroo,122,70,360,241,https://static.dw.com/image/16737311_6.jpg
kangaroo-422.jpg,259,194,kangaroo,126,54,247,158,https://encrypted-tbn0.gstatic.com/images?q=tbn:ANd9GcRQVdtB8TYZSgcnkxqB1NVN2RbUeasrdrJA1g&usqp=CAU
kangaroo-378.jpg,1920,800,kangaroo,299,99,656,658,https://southaustralia.com/media/xiphryfa/middle-river-kangaroo-island-header.jpg
kangaroo-654.jpg,3408,2272,kangaroo,1109,768,1704,1821,https://www.nationalgeographic.com/content/dam/yourshot/2015/04/5893050.jpg
kangaroo-449.jpg,1100,825,kangaroo,432,62,679,743,https://i.insider.com/5e3ca44a0ce3d16c864032b5?width=1100&format=jpeg&auto=webp
kangaroo-234.jpg,1129,1129,kangaroo,186,340,331,540,https://i.guim.co.uk/img/media/b6a1bbbe71adc8f2853483fc3ea62b01fba98290/32_147_1882_1129/master/1882.jpg?width=1200&height=1200&quality=85&auto=format&fit=crop&s=510e0b3e6d5b4ffe4ddba6c0b283cb2a
kangaroo-382.jpg,3352,2237,kangaroo,2890,1518,3349,1966,https://www.australia.com/content/dam/assets/image/jpeg/l/g/w/d/119200-56.jpg
kangaroo-53.jpg,1100,619,kangaroo,295,114,531,566,https://cdn.viva.org.uk/wp-content/uploads/2020/08/2.jpg
kangaroo-49.jpg,1280,720,kangaroo,564,21,814,720,https://i.ytimg.com/vi/_lgxkROQu_s/maxresdefault.jpg
kangaroo-561.jpg,1000,500,kangaroo,749,79,836,311,https://www.echidnawalkabout.com.au/wp-content/uploads/2018/11/eastern-Grey-kangaroo-male-height-wmlowtext-min.jpg
kangaroo-229.jpg,1120,450,kangaroo,837,4,1102,450,https://storyworks3.scholastic.com/content/dam/classroom-magazines/storyworksjr/issues/2019-20/100119/invasion-of-the-kangaroos/STWJ-102019-WPOWER-Hero.jpg
kangaroo-424.jpg,2000,1046,kangaroo,1582,672,1773,881,https://imagesvc.meredithcorp.io/v3/mm/image?q=85&c=sc&poi=face&w=2000&h=1047&url=https%3A%2F%2Fstatic.onecms.io%2Fwp-content%2Fuploads%2Fsites%2F20%2F2019%2F12%2Fgettyimages-1068032914-2000.jpg
kangaroo-347.jpg,1024,576,kangaroo,400,277,793,480,https://m.dw.com/image/51418108_101.jpg
kangaroo-440.jpg,275,183,kangaroo,109,21,170,173,https://encrypted-tbn0.gstatic.com/images?q=tbn:ANd9GcTrStxOswf6_tD9d3A0UYaRJbEYs7MLz2F9xg&usqp=CAU
kangaroo-106.jpg,1280,720,kangaroo,74,372,567,704,https://ewscripps.brightspotcdn.com/dims4/default/54f9161/2147483647/strip/true/crop/4422x2487+0+230/resize/1280x720!/quality/90/?url=http%3A%2F%2Fewscripps-brightspot.s3.amazonaws.com%2Fa2%2F10%2Fe6dfbcbf40159a36b55b556b6182%2Fwcpo-kangaroo.jpg
kangaroo-21.jpg,636,798,kangaroo,120,64,549,757,https://www.lpzoo.org/wp-content/uploads/2020/07/0066_Portrait-67.jpg
kangaroo-249.jpg,512,339,kangaroo,141,45,428,226,https://lh3.googleusercontent.com/proxy/S9bR30173cWdUpiKjHRJ5GPIX3ClvgeNYLBvAY4-ZbWiQx_lCOjYAiCbaYT1HjphH5AGPQ-J1q8uNTGcni074SymZDWqPjY7d1QBAMKO7cwqj0wJxNQw9YMsuHiAgEYNjac
kangaroo-196.jpg,275,183,kangaroo,93,8,177,183,https://encrypted-tbn0.gstatic.com/images?q=tbn:ANd9GcTyqvT8L79gEWjRsTGoeY7V0Z_PrCXia0Zb-w&usqp=CAU
kangaroo-20.jpg,1500,844,kangaroo,228,160,1093,672,https://www.thoughtco.com/thmb/jsXOiI_GqRUxmqJY8EO6U0gHcac=/1500x844/smart/filters:no_upscale()/red_kangaroo-24c18ab08dc145f1a798abd4b820390a.jpg
kangaroo-229.jpg,1120,450,kangaroo,364,81,436,178,https://storyworks3.scholastic.com/content/dam/classroom-magazines/storyworksjr/issues/2019-20/100119/invasion-of-the-kangaroos/STWJ-102019-WPOWER-Hero.jpg
kangaroo-88.jpg,1800,1012,kangaroo,427,6,1326,1002,https://www.tampabay.com/resizer/GTTlz4pVLu63KQk0lzzl-zMR2TY=/1800x1012/smart/arc-anglerfish-arc2-prod-tbt.s3.amazonaws.com/public/2EIQWNWKHII6TODGIBWI6S7HAY.jpg
kangaroo-97.jpg,1100,825,kangaroo,382,313,1100,825,https://i.insider.com/5e3ca41be35bab6e625c1b13?width=1100&format=jpeg&auto=webp
kangaroo-375.jpg,1200,900,kangaroo,53,241,498,766,"https://img.etimg.com/thumb/width-1200,height-900,imgsize-182248,resizemode-1,msid-50463958/news/politics-and-nation/kolkata-zoo-authorities-decide-against-keeping-kangaroos.jpg"
kangaroo-343.jpg,1920,1080,kangaroo,748,47,1527,957,https://m.media-amazon.com/images/M/MV5BZjYyMGFhNWEtNmEzMS00M2M4LTljZDgtYTYxMmYzYzc4OTgwXkEyXkFqcGdeQTNwaW5nZXN0._V1_.jpg
kangaroo-257.jpg,1052,699,kangaroo,625,196,909,668,https://images.photowall.com/products/58689/group-of-kangaroo.jpg?h=699&q=85
kangaroo-336.jpg,1024,576,kangaroo,128,194,513,550,https://ichef.bbci.co.uk/news/1024/cpsprodpb/06F3/production/_87697710_b8ec7408-fe67-49a5-8861-a85b683fa801.jpg
kangaroo-207.jpg,296,170,kangaroo,97,1,188,170,https://encrypted-tbn0.gstatic.com/images?q=tbn:ANd9GcRCYeUj83giah9d0v8rEdQiXJhAkXxnLT0YAA&usqp=CAU
kangaroo-180.jpg,289,174,kangaroo,8,45,207,160,https://encrypted-tbn0.gstatic.com/images?q=tbn:ANd9GcQ8lZOtiBeyEoEyTuoTXAIMg-22D__9k0vcTg&usqp=CAU
kangaroo-635.jpg,2000,1333,kangaroo,287,289,386,475,https://nypost.com/wp-content/uploads/sites/2/2019/03/kangaroo-charges-paraglider-wp.jpg?quality=80&strip=all
kangaroo-336.jpg,1024,576,kangaroo,459,1,759,252,https://ichef.bbci.co.uk/news/1024/cpsprodpb/06F3/production/_87697710_b8ec7408-fe67-49a5-8861-a85b683fa801.jpg
kangaroo-53.jpg,1100,619,kangaroo,545,118,815,564,https://cdn.viva.org.uk/wp-content/uploads/2020/08/2.jpg
kangaroo-707.jpg,1280,720,kangaroo,205,284,493,493,https://i.ytimg.com/vi/aqCiK2E8rs0/maxresdefault.jpg
kangaroo-704.jpg,4272,2848,kangaroo,569,12,3206,2816,https://www.nationalgeographic.com/content/dam/yourshot/2014/08/4223635.jpg
kangaroo-482.jpg,937,773,kangaroo,544,432,826,773,https://thelouise.com.au/wp-content/uploads/2019/05/Breakfast-with-the-Roos-Carousel-1.jpg
kangaroo-214.jpg,1200,600,kangaroo,63,19,390,600,"https://hips.hearstapps.com/hmg-prod.s3.amazonaws.com/images/roger-kangaroo-1544451514.jpg?crop=1.00xw:1.00xh;0,0&resize=1200:*"
kangaroo-307.jpg,1000,667,kangaroo,19,10,294,382,https://kb.rspca.org.au/wp-content/uploads/2018/11/kangaroos-field-echium.jpg
kangaroo-56.jpg,1067,1600,kangaroo,145,243,770,1423,https://upload.wikimedia.org/wikipedia/commons/0/0d/Kangaroo_and_joey03.jpg
kangaroo-197.jpg,1200,900,kangaroo,656,418,828,697,https://www.shropshirestar.com/resizer/oauC0AlM2J5WN8HrDblSq68elTo=/1200x0/cloudfront-us-east-1.images.arcpublishing.com/mna/KJBOEPYMMNBU7DKPQINXVIOYTA.jpg
kangaroo-456.jpg,1200,720,kangaroo,579,168,810,418,https://cdn2.wanderlust.co.uk/media/3741/articles-kangaroo-island.jpg?anchor=center&mode=crop&width=1200&height=0&rnd=131480779290000000
kangaroo-334.jpg,1024,683,kangaroo,327,70,829,605,https://twycrosszoo.org/wp-content/uploads/2018/02/Western-Grey-Kangaroo-2.jpg
kangaroo-156.jpg,1500,1281,kangaroo,2,2,1496,1253,https://images-na.ssl-images-amazon.com/images/I/81%2BAzGU8g5L._AC_SL1500_.jpg
kangaroo-348.jpg,1024,577,kangaroo,416,155,671,577,"https://kubrick.htvapps.com/htv-prod-media.s3.amazonaws.com/images/kangaroo-1608144851.jpg?crop=1.00xw:0.926xh;0,0&resize=1200:*"
kangaroo-25.jpg,1900,1289,kangaroo,953,669,1622,1114,https://www.nationalgeographic.com/content/dam/magazine/rights-exempt/2019/02/kangaroo-controversy/kangaroo-controversy-grassland-national-parka.adapt.1900.1.jpg
kangaroo-269.jpg,828,591,kangaroo,256,151,392,430,https://cdn.audleytravel.com/828/591/60/166231-kangaroos-the-margaret-river-region-western-australia.jpg
kangaroo-553.jpg,1300,610,kangaroo,338,292,769,535,"https://img1.wsimg.com/isteam/ip/b272f732-0ee2-4191-ba81-d6f87121d5e9/ed084144-1e66-4056-a731-e95a31b04a87.jpg/:/cr=t:0%25,l:0%25,w:100%25,h:100%25/rs=w:1300,h:800"
kangaroo-199.jpg,1280,720,kangaroo,277,12,862,488,https://www.sciencemag.org/sites/default/files/styles/article_main_large/public/kangaroo_16x9.jpg?itok=qBtVlh-Z
kangaroo-274.jpg,1100,825,kangaroo,131,119,477,803,https://i.insider.com/5aeca844bd967122008b45cd?width=1100&format=jpeg&auto=webp
kangaroo-498.jpg,976,549,kangaroo,95,165,514,498,https://c.files.bbci.co.uk/E3C1/production/_94650385_gettyimages-154360533.jpg
kangaroo-109.jpg,3500,2033,kangaroo,1933,49,3451,1793,https://assets.weforum.org/article/image/yXM5xpQ6qZ4eeGQ50SCz9v8_EwJ0leIpAN8U2m4Kfv4.jpg
kangaroo-561.jpg,1000,500,kangaroo,590,73,720,427,https://www.echidnawalkabout.com.au/wp-content/uploads/2018/11/eastern-Grey-kangaroo-male-height-wmlowtext-min.jpg
kangaroo-684.jpg,862,862,kangaroo,3,18,694,862,https://www.abc.net.au/cm/rimage/12074858-1x1-xlarge.jpg?v=2
kangaroo-144.jpg,1600,1200,kangaroo,212,399,1124,769,https://static.onecms.io/wp-content/uploads/sites/9/2019/10/kangaroo-island-FT-BLOG1119-2.jpg
kangaroo-34.jpg,1200,800,kangaroo,840,318,1108,700,https://images.newscientist.com/wp-content/uploads/2020/12/15192905/16-dec_kangaroos-ask-for-help.jpg
kangaroo-148.jpg,1200,800,kangaroo,327,276,777,741,https://data.luckykangaroos.com/img/article/1200/young-kangaroo-grazing-murramarang-national-park.jpg
kangaroo-472.jpg,1920,1285,kangaroo,779,439,1242,1067,https://lirp-cdn.multiscreensite.com/785bba62/dms3rep/multi/opt/kangaroos-1920w.jpg
kangaroo-229.jpg,1120,450,kangaroo,816,96,892,236,https://storyworks3.scholastic.com/content/dam/classroom-magazines/storyworksjr/issues/2019-20/100119/invasion-of-the-kangaroos/STWJ-102019-WPOWER-Hero.jpg
kangaroo-516.jpg,948,536,kangaroo,412,152,515,429,https://cdn.prod.www.spiegel.de/images/3ef19c5b-0001-0004-0000-000000388605_w948_r1.77_fpx65.28_fpy49.96.jpg
kangaroo-518.jpg,900,1200,kangaroo,156,6,865,1128,https://www.billabongsanctuary.com.au/wp-content/uploads/2016/03/Dolly-2.jpg
kangaroo-222.jpg,1500,1000,kangaroo,765,273,1087,760,https://www.thoughtco.com/thmb/r4760dJVsPvgcUjd0NfNeRHtwW0=/1500x1000/filters:no_upscale():max_bytes(150000):strip_icc()/kangaroos-1a319cad27144d85824371163c3d7c91.jpg
kangaroo-623.jpg,1000,667,kangaroo,796,273,966,632,https://animals.sandiegozoo.org/sites/default/files/inline-images/mob-of-kangaroos.jpg
kangaroo-580.jpg,1280,720,kangaroo,689,42,1010,720,https://i.ytimg.com/vi/LBA43iChw-A/maxresdefault.jpg
kangaroo-719.jpg,1280,720,kangaroo,148,270,896,720,https://i.ytimg.com/vi/sNeR4NjPMR0/maxresdefault.jpg
kangaroo-562.jpg,976,549,kangaroo,259,18,602,549,https://ichef.bbci.co.uk/news/976/cpsprodpb/14B18/production/_110306748_f96af3f7-adb6-4e8f-beee-fb9af9a8f3bf.jpg
kangaroo-107.jpg,1200,800,kangaroo,119,16,831,778,https://images.newscientist.com/wp-content/uploads/2016/06/20153111/gettyimages-464739327.jpg
kangaroo-229.jpg,1120,450,kangaroo,10,223,251,344,https://storyworks3.scholastic.com/content/dam/classroom-magazines/storyworksjr/issues/2019-20/100119/invasion-of-the-kangaroos/STWJ-102019-WPOWER-Hero.jpg
kangaroo-3.jpg,2000,1308,kangaroo,641,86,1703,1308,https://imagesvc.meredithcorp.io/v3/mm/image?url=https%3A%2F%2Fstatic.onecms.io%2Fwp-content%2Fuploads%2Fsites%2F20%2F2019%2F11%2Fkangaroo.jpg&q=85
kangaroo-239.jpg,1080,1080,kangaroo,260,101,1055,997,https://www.chesterzoo.org/app/uploads/2019/12/Tree-kangaroo-square.jpg
kangaroo-220.jpg,850,1275,kangaroo,207,91,645,1175,https://lp-cms-production.imgix.net/news/2018/10/Kangaroo-Island.jpg?auto=format&fit=crop&sharp=10&vib=20&ixlib=react-8.6.4&w=850
kangaroo-395.jpg,1000,650,kangaroo,425,328,541,542,https://www.exceptionalkangarooisland.com/wp-content/uploads/2019/07/image-6.jpg
kangaroo-68.jpg,1000,667,kangaroo,415,191,659,535,https://images.theconversation.com/files/39269/original/5mmq7myk-1389927676.jpg?ixlib=rb-1.1.0&q=45&auto=format&w=1000&fit=clip
kangaroo-699.jpg,1280,720,kangaroo,763,11,1075,701,https://i.ytimg.com/vi/WCcLMNcWZOc/maxresdefault.jpg
kangaroo-158.jpg,2048,1364,kangaroo,743,611,1314,1253,https://img.theculturetrip.com/wp-content/uploads/2018/03/35774629346_e78a06f173_k-1.jpg
kangaroo-222.jpg,1500,1000,kangaroo,343,340,709,832,https://www.thoughtco.com/thmb/r4760dJVsPvgcUjd0NfNeRHtwW0=/1500x1000/filters:no_upscale():max_bytes(150000):strip_icc()/kangaroos-1a319cad27144d85824371163c3d7c91.jpg
kangaroo-680.jpg,1280,720,kangaroo,612,68,1011,720,https://i.ytimg.com/vi/4F3ZDqLIw7c/maxresdefault.jpg
kangaroo-50.jpg,290,174,kangaroo,80,9,147,157,https://encrypted-tbn0.gstatic.com/images?q=tbn:ANd9GcR60K5sG9qPGI9OXKMWgjPwj3zrzMiICpOo1Q&usqp=CAU
kangaroo-615.jpg,976,549,kangaroo,583,170,745,419,https://c.files.bbci.co.uk/C863/production/_87699215_3100d46b-e0c5-4d6e-bc0c-4bf7bad95876.jpg
kangaroo-286.jpg,257,196,kangaroo,139,4,231,185,https://encrypted-tbn0.gstatic.com/images?q=tbn:ANd9GcTy3o-SLu_vL594P5-Fthu04Oei2hSlabXvKA&usqp=CAU
kangaroo-607.jpg,275,183,kangaroo,77,55,199,160,https://encrypted-tbn0.gstatic.com/images?q=tbn:ANd9GcR_jtiPTAaLjgks_B7drq_lsHLib3HEZyrqKg&usqp=CAU
kangaroo-701.jpg,1200,1200,kangaroo,1,46,1173,1059,https://i.guim.co.uk/img/media/96179c5762e526e05ad68d35e1e4eb9b961b0422/640_1244_4112_2466/master/4112.jpg?width=1200&height=1200&quality=85&auto=format&fit=crop&s=1570b26ffdf72572b420de84c76af4d7
kangaroo-510.jpg,1280,720,kangaroo,614,42,786,687,https://i.ytimg.com/vi/1tHZb_nBRQ8/maxresdefault.jpg
kangaroo-231.jpg,1356,668,kangaroo,689,330,801,447,https://scx2.b-cdn.net/gfx/news/hires/2019/kangaroosand.jpg
kangaroo-158.jpg,2048,1364,kangaroo,1,206,868,1311,https://img.theculturetrip.com/wp-content/uploads/2018/03/35774629346_e78a06f173_k-1.jpg
kangaroo-24.jpg,2000,1333,kangaroo,16,9,1002,1333,https://nypost.com/wp-content/uploads/sites/2/2020/12/kangaroo-sjp.jpg?quality=80&strip=all
kangaroo-307.jpg,1000,667,kangaroo,359,109,807,607,https://kb.rspca.org.au/wp-content/uploads/2018/11/kangaroos-field-echium.jpg
kangaroo-183.jpg,1024,680,kangaroo,564,126,728,495,https://mk0australianfa1qtvu.kinstacdn.com/wp-content/uploads/2016/09/canberra-kangaroo-1024x680.jpg
kangaroo-510.jpg,1280,720,kangaroo,306,102,655,695,https://i.ytimg.com/vi/1tHZb_nBRQ8/maxresdefault.jpg
kangaroo-652.jpg,1908,1146,kangaroo,155,666,734,1038,https://i.dailymail.co.uk/1s/2020/04/08/00/26931988-0-image-a-10_1586301423163.jpg
kangaroo-622.jpg,1000,1500,kangaroo,87,50,817,1500,https://images.unsplash.com/photo-1542750623-6031ac1d0135?ixid=MXwxMjA3fDB8MHxzZWFyY2h8NHx8a2FuZ2Fyb298ZW58MHx8MHw%3D&ixlib=rb-1.2.1&w=1000&q=80
kangaroo-540.jpg,1100,733,kangaroo,465,311,568,679,https://i.insider.com/5e3ca328d9db1d68f810ecb6?width=1100&format=jpeg&auto=webp
kangaroo-4.jpg,862,647,kangaroo,286,81,795,503,https://www.abc.net.au/cm/rimage/11482044-4x3-xlarge.jpg?v=3
kangaroo-255.jpg,1028,527,kangaroo,336,20,755,527,https://www.sdzsafaripark.org/sites/default/files/animal_hero/park-animals-kangaroos.jpg
kangaroo-234.jpg,1129,1129,kangaroo,739,388,954,748,https://i.guim.co.uk/img/media/b6a1bbbe71adc8f2853483fc3ea62b01fba98290/32_147_1882_1129/master/1882.jpg?width=1200&height=1200&quality=85&auto=format&fit=crop&s=510e0b3e6d5b4ffe4ddba6c0b283cb2a
kangaroo-483.jpg,1920,1080,kangaroo,709,100,1658,1080,https://static.wikia.nocookie.net/planetzoo/images/1/1f/PZ_AustraliaP_screenshots_1.jpg/revision/latest?cb=20200820125519
kangaroo-231.jpg,1356,668,kangaroo,304,307,394,481,https://scx2.b-cdn.net/gfx/news/hires/2019/kangaroosand.jpg
kangaroo-383.jpg,2500,1406,kangaroo,637,39,1787,1374,https://www.gannett-cdn.com/-mm-/5b79fe1dd98bb71e4c305040fc7dd0ca3809961f/c=0-160-2500-1566/local/-/media/2019/03/11/USATODAY/usatsports/afp-541812810.jpg?width=2500&height=1406&fit=crop&format=pjpg&auto=webp
kangaroo-289.jpg,1024,683,kangaroo,99,185,796,591,https://denverzoo.org/wp-content/uploads/2018/09/red-kangaroo-2.jpg
kangaroo-303.jpg,1200,572,kangaroo,242,32,1200,544,https://i2.wp.com/proedit.com/wp-content/uploads/2019/05/Kangaroo-Words_ProEdit.jpg?fit=1200%2C572&ssl=1
kangaroo-106.jpg,1280,720,kangaroo,984,46,1200,588,https://ewscripps.brightspotcdn.com/dims4/default/54f9161/2147483647/strip/true/crop/4422x2487+0+230/resize/1280x720!/quality/90/?url=http%3A%2F%2Fewscripps-brightspot.s3.amazonaws.com%2Fa2%2F10%2Fe6dfbcbf40159a36b55b556b6182%2Fwcpo-kangaroo.jpg
kangaroo-485.jpg,1024,680,kangaroo,367,347,564,545,https://denverzoo.org/wp-content/uploads/2018/09/red-kangaroo-1.jpg
kangaroo-625.jpg,2048,1360,kangaroo,1125,229,1706,538,https://www.nationalgeographic.com/content/dam/news/2017/11/21/kangaroo-controversy/01-kangaroo-controvery.jpg
kangaroo-608.jpg,300,168,kangaroo,85,23,283,133,https://encrypted-tbn0.gstatic.com/images?q=tbn:ANd9GcRCj4uDKXcPRk1OpY3Kp8yK_S_t6aoHGNBMfQ&usqp=CAU
kangaroo-519.jpg,1024,684,kangaroo,479,231,672,574,https://australianwildlifejourneys.com/file/resize/r1024x0/559_awc_eki_kangarooislandkangarooshabitat.jpg?s=91386f823c30973a3439634ed85d9986d7051cbd
kangaroo-237.jpg,2000,1335,kangaroo,313,306,1189,1007,https://www.alquemie.com.au/wp-content/uploads/2017/11/Australia-snow-kangaroo.jpg
kangaroo-474.jpg,266,190,kangaroo,37,64,158,180,https://encrypted-tbn0.gstatic.com/images?q=tbn:ANd9GcQe-otKMG-V32jebo1IVhBwc-ScuneHGRPsCQ&usqp=CAU
kangaroo-199.jpg,1280,720,kangaroo,119,491,232,638,https://www.sciencemag.org/sites/default/files/styles/article_main_large/public/kangaroo_16x9.jpg?itok=qBtVlh-Z
kangaroo-65.jpg,1365,2048,kangaroo,1,171,1147,2015,https://static1.squarespace.com/static/57900a7f6b8f5b36071af54e/57900c73e6f2e15aa9c2b02c/5d3fe71846311b00013b3e68/1568591512240/Kangaroo.jpg?format=1500w
kangaroo-376.jpg,266,190,kangaroo,88,13,254,190,https://encrypted-tbn0.gstatic.com/images?q=tbn:ANd9GcRdcgY4BSgj9HxRtbIAnpygRsJIA0JTwWerIA&usqp=CAU
kangaroo-419.jpg,1000,501,kangaroo,85,220,437,450,https://www.echidnawalkabout.com.au/wp-content/uploads/2018/11/EASTERN-grey-kangaroos-mating-190812p03phwmlowtext-min.jpg
kangaroo-265.jpg,2000,1333,kangaroo,145,1,1484,1333,https://i1.wp.com/nypost.com/wp-content/uploads/sites/2/2019/09/giant-kangaroo-stock-01.jpg?quality=80&strip=all&ssl=1
kangaroo-199.jpg,1280,720,kangaroo,973,390,1280,594,https://www.sciencemag.org/sites/default/files/styles/article_main_large/public/kangaroo_16x9.jpg?itok=qBtVlh-Z
kangaroo-544.jpg,1280,720,kangaroo,439,113,844,522,https://i.ytimg.com/vi/Q7HHXE6x6AY/maxresdefault.jpg
kangaroo-543.jpg,3001,2000,kangaroo,1805,1353,1951,1471,https://www.thoughtco.com/thmb/B9hqwlBBrlgjr7EVjxE7UHBCejo=/3001x2000/filters:no_upscale():max_bytes(150000):strip_icc()/GettyImages-533743451-d0f9a18b2061451f9995b6068d197836.jpg
kangaroo-429.jpg,974,649,kangaroo,123,380,401,528,https://animalwellnessaction.org/wp-content/uploads/2020/01/kangaroos-arent-shoes.jpg
kangaroo-158.jpg,2048,1364,kangaroo,1467,411,1723,564,https://img.theculturetrip.com/wp-content/uploads/2018/03/35774629346_e78a06f173_k-1.jpg
kangaroo-454.jpg,512,337,kangaroo,252,88,379,331,https://lh3.googleusercontent.com/proxy/qCS3n2SC6QZLIT8_6RGU6PyL3K2D0RWebfed71k_ze4NNWCn1-HdZehW2CvGh4w-4EUnHrdTh8MrjB3dp2e9Dn7_bKLFupLb1L8KaKQQXb1PHK9RlHOFB7V0cjJ9DBB9tg
kangaroo-34.jpg,1200,800,kangaroo,451,339,602,671,https://images.newscientist.com/wp-content/uploads/2020/12/15192905/16-dec_kangaroos-ask-for-help.jpg
kangaroo-116.jpg,1800,1200,kangaroo,525,614,617,679,https://static01.nyt.com/images/2020/12/18/world/18oz-kangaroo/18oz-kangaroo-mobileMasterAt3x.jpg
kangaroo-529.jpg,1496,1000,kangaroo,334,233,650,909,https://imagesvc.meredithcorp.io/v3/mm/image?q=85&c=sc&poi=face&w=1600&h=1067&url=https%3A%2F%2Fstatic.onecms.io%2Fwp-content%2Fuploads%2Fsites%2F28%2F2019%2F05%2Fkangaroos-kangaroo-island-odysseys-SOUTHAUS0519.jpg
kangaroo-44.jpg,1200,1200,kangaroo,1,251,885,904,https://images.theconversation.com/files/61476/original/38hkm2ys-1413118165.jpg?ixlib=rb-1.1.0&q=45&auto=format&w=1200&h=1200.0&fit=crop
kangaroo-25.jpg,1900,1289,kangaroo,243,958,399,1110,https://www.nationalgeographic.com/content/dam/magazine/rights-exempt/2019/02/kangaroo-controversy/kangaroo-controversy-grassland-national-parka.adapt.1900.1.jpg
kangaroo-346.jpg,1024,1280,kangaroo,169,68,794,1105,https://media-cdn.tripadvisor.com/media/photo-m/1280/1b/39/a1/3c/qui-ci-troviamo-al-the.jpg
kangaroo-680.jpg,1280,720,kangaroo,216,18,614,716,https://i.ytimg.com/vi/4F3ZDqLIw7c/maxresdefault.jpg
kangaroo-39.jpg,1500,1876,kangaroo,237,95,1349,1876,https://media2.s-nbcnews.com/i/newscms/2018_50/2677506/181210-roger-buff-kangaroo-mn-0840_99b946c11819d9cc6a93928fced0f9d7.jpg
kangaroo-163.jpg,940,536,kangaroo,209,57,599,536,https://dmrqkbkq8el9i.cloudfront.net/Pictures/1024x536/5/2/9/128529_ThinkstockPhotos-495292876-copy.jpg
kangaroo-691.jpg,990,742,kangaroo,224,171,964,630,https://media.nationalgeographic.org/assets/photos/000/312/31234.jpg
kangaroo-290.jpg,1396,930,kangaroo,399,45,949,930,https://bloximages.chicago2.vip.townnews.com/wvnews.com/content/tncms/assets/v3/editorial/e/cf/ecf2485c-8c39-53dc-b863-bbe46c557a90/5b37e4e2560a9.image.jpg?resize=1396%2C930
kangaroo-2.jpg,1000,664,kangaroo,122,22,788,664,https://cdn.mos.cms.futurecdn.net/ETb2xLjvc62eb7PPLspSsU-1200-80.jpg
kangaroo-561.jpg,1000,500,kangaroo,120,55,329,448,https://www.echidnawalkabout.com.au/wp-content/uploads/2018/11/eastern-Grey-kangaroo-male-height-wmlowtext-min.jpg
kangaroo-393.jpg,1024,491,kangaroo,579,286,808,444,https://media.istockphoto.com/photos/jumping-kangaroo-picture-id1039600644
kangaroo-50.jpg,290,174,kangaroo,135,14,199,164,https://encrypted-tbn0.gstatic.com/images?q=tbn:ANd9GcR60K5sG9qPGI9OXKMWgjPwj3zrzMiICpOo1Q&usqp=CAU
kangaroo-454.jpg,512,337,kangaroo,188,154,241,224,https://lh3.googleusercontent.com/proxy/qCS3n2SC6QZLIT8_6RGU6PyL3K2D0RWebfed71k_ze4NNWCn1-HdZehW2CvGh4w-4EUnHrdTh8MrjB3dp2e9Dn7_bKLFupLb1L8KaKQQXb1PHK9RlHOFB7V0cjJ9DBB9tg
kangaroo-411.jpg,183,275,kangaroo,20,13,181,272,https://encrypted-tbn0.gstatic.com/images?q=tbn:ANd9GcT7QXEJemNPHZQ5XcJ0eNBMGUX7ye9vCxI94Q&usqp=CAU
kangaroo-208.jpg,1024,700,kangaroo,302,195,443,358,https://cdn.cdnparenting.com/articles/2019/03/08181641/419555083-H.jpg
kangaroo-591.jpg,2400,1350,kangaroo,125,729,992,1314,https://big4-kentico-image-files-big4holidayparks.netdna-ssl.com/getmedia/ed2f30b2-801c-430e-b8ed-d7d7dff21eb1/The_Vines_Resort_in_the_Swan_Valley-_Resized.jpg
kangaroo-535.jpg,1600,1067,kangaroo,845,509,1353,899,https://www.gannett-cdn.com/presto/2019/10/04/USAT/05b797db-f35a-4ddf-afde-504df7944d79-155399.jpg
kangaroo-205.jpg,1600,900,kangaroo,1119,190,1294,708,https://e3.365dm.com/18/08/1600x900/skynews-australia-kangaroo_4383561.jpg?20181014142132
kangaroo-668.jpg,1200,630,kangaroo,399,2,846,615,https://i.guim.co.uk/img/media/6caa0bd3aa6b67a63a426f1744f19b52e6a8f761/324_83_794_476/master/794.jpg?width=1200&height=630&quality=85&auto=format&fit=crop&overlay-align=bottom%2Cleft&overlay-width=100p&overlay-base64=L2ltZy9zdGF0aWMvb3ZlcmxheXMvdGctYWdlLTIwMTYucG5n&enable=upscale&s=6fc283338fe0a4e1c0495c1d69db9708
kangaroo-573.jpg,1000,667,kangaroo,34,72,907,604,https://animals.sandiegozoo.org/sites/default/files/2018-07/bennetts-wallaby-01.jpg
kangaroo-499.jpg,1280,720,kangaroo,1004,467,1183,622,https://i.ytimg.com/vi/kD_yUKB85HM/maxresdefault.jpg
kangaroo-30.jpg,1200,675,kangaroo,527,171,952,675,"https://dynaimage.cdn.cnn.com/cnn/c_fill,g_auto,w_1200,h_675,ar_16:9/https%3A%2F%2Fcdn.cnn.com%2Fcnnnext%2Fdam%2Fassets%2F191001111722-victoria-australia-kangaroo-stock.jpg"
kangaroo-472.jpg,1920,1285,kangaroo,153,373,550,891,https://lirp-cdn.multiscreensite.com/785bba62/dms3rep/multi/opt/kangaroos-1920w.jpg
kangaroo-116.jpg,1800,1200,kangaroo,344,591,472,736,https://static01.nyt.com/images/2020/12/18/world/18oz-kangaroo/18oz-kangaroo-mobileMasterAt3x.jpg
kangaroo-234.jpg,1129,1129,kangaroo,301,426,407,712,https://i.guim.co.uk/img/media/b6a1bbbe71adc8f2853483fc3ea62b01fba98290/32_147_1882_1129/master/1882.jpg?width=1200&height=1200&quality=85&auto=format&fit=crop&s=510e0b3e6d5b4ffe4ddba6c0b283cb2a
kangaroo-629.jpg,1356,668,kangaroo,206,199,1034,512,https://images.theconversation.com/files/5273/original/kangaroos_wombalano.jpg?ixlib=rb-1.1.0&q=45&auto=format&w=1356&h=668&fit=crop
kangaroo-277.jpg,1920,1080,kangaroo,1002,116,1512,854,https://media.kvue.com/assets/KVUE/images/d3827141-da73-49d9-88f0-eb7c54d58bda/d3827141-da73-49d9-88f0-eb7c54d58bda_1920x1080.jpg
kangaroo-199.jpg,1280,720,kangaroo,539,455,793,636,https://www.sciencemag.org/sites/default/files/styles/article_main_large/public/kangaroo_16x9.jpg?itok=qBtVlh-Z
kangaroo-382.jpg,3352,2237,kangaroo,923,1277,1352,1680,https://www.australia.com/content/dam/assets/image/jpeg/l/g/w/d/119200-56.jpg
kangaroo-469.jpg,1200,799,kangaroo,16,271,373,655,https://bloximages.newyork1.vip.townnews.com/gazette.com/content/tncms/assets/v3/editorial/2/04/204cf0b2-b964-11e9-9844-2bdfa9af6ca6/5d4b531328bfb.image.jpg?resize=1200%2C799
kangaroo-34.jpg,1200,800,kangaroo,984,302,1088,630,https://images.newscientist.com/wp-content/uploads/2020/12/15192905/16-dec_kangaroos-ask-for-help.jpg
kangaroo-183.jpg,1024,680,kangaroo,27,95,450,557,https://mk0australianfa1qtvu.kinstacdn.com/wp-content/uploads/2016/09/canberra-kangaroo-1024x680.jpg
kangaroo-626.jpg,1000,555,kangaroo,136,63,949,512,https://www.echidnawalkabout.com.au/wp-content/uploads/2018/11/EASTERN-grey-kangaroo-male-hopping-190812p02phwmlow-min.jpg
kangaroo-363.jpg,1900,1279,kangaroo,219,114,1625,1123,https://www.nationalgeographic.com/content/dam/science/phenomena/the-loom/rights-exempt/files/2015/05/Kangaroo-12003.ngsversion.1522277861520.adapt.1900.1.jpg
kangaroo-69.jpg,1024,576,kangaroo,67,113,153,168,https://ichef.bbci.co.uk/news/1024/cpsprodpb/2561/production/_96696590_gettyimages-92809152.jpg
kangaroo-109.jpg,3500,2033,kangaroo,23,690,1931,1759,https://assets.weforum.org/article/image/yXM5xpQ6qZ4eeGQ50SCz9v8_EwJ0leIpAN8U2m4Kfv4.jpg
kangaroo-177.jpg,2560,1246,kangaroo,936,568,1692,1246,https://nsw.animaljusticeparty.org/wp-content/uploads/2020/06/104497002_3012009945501998_4428853235395030102_n-scaled.jpg
kangaroo-8.jpg,1600,800,kangaroo,169,5,1371,787,https://www.gannett-cdn.com/-mm-/329ee8503a1ed950ea2a0ad71b5aadd561eb4d0b/c=0-127-2682-1642/local/-/media/2015/02/03/WIGroup/Appleton/635585669194109748-kangaroo.jpg?width=1600&height=800&fit=crop&format=pjpg&auto=webp
kangaroo-229.jpg,1120,450,kangaroo,428,43,494,164,https://storyworks3.scholastic.com/content/dam/classroom-magazines/storyworksjr/issues/2019-20/100119/invasion-of-the-kangaroos/STWJ-102019-WPOWER-Hero.jpg
kangaroo-382.jpg,3352,2237,kangaroo,628,1166,849,1316,https://www.australia.com/content/dam/assets/image/jpeg/l/g/w/d/119200-56.jpg
kangaroo-386.jpg,683,1024,kangaroo,84,60,672,1024,https://denverzoo.org/wp-content/uploads/2018/09/red-kangaroo-4.jpg
kangaroo-543.jpg,3001,2000,kangaroo,971,1569,1341,1810,https://www.thoughtco.com/thmb/B9hqwlBBrlgjr7EVjxE7UHBCejo=/3001x2000/filters:no_upscale():max_bytes(150000):strip_icc()/GettyImages-533743451-d0f9a18b2061451f9995b6068d197836.jpg
kangaroo-76.jpg,1000,667,kangaroo,40,78,650,598,https://images.unsplash.com/photo-1575699914911-0027c7b95fb6?ixid=MXwxMjA3fDB8MHxzZWFyY2h8MXx8a2FuZ2Fyb298ZW58MHx8MHw%3D&ixlib=rb-1.2.1&w=1000&q=80
kangaroo-634.jpg,1920,1080,kangaroo,919,141,1422,810,https://www.gannett-cdn.com/presto/2020/07/16/USAT/aabf0eb1-939b-4c13-bae6-a311e7164f99-VPC_COPS_CATCH_KANG_WIDE_FT_LAUDERSDALE_PD_WIDE.jpg
kangaroo-419.jpg,1000,501,kangaroo,344,9,655,475,https://www.echidnawalkabout.com.au/wp-content/uploads/2018/11/EASTERN-grey-kangaroos-mating-190812p03phwmlowtext-min.jpg
kangaroo-390.jpg,2048,1365,kangaroo,177,726,1200,1277,https://static01.nyt.com/images/2017/06/26/world/australia/27roadroos-5/27roadroos-5-superJumbo.jpg
kangaroo-94.jpg,1500,1078,kangaroo,266,186,1076,979,https://scx2.b-cdn.net/gfx/news/2017/kangaroo.jpg
kangaroo-264.jpg,1000,581,kangaroo,224,31,685,570,https://www.echidnawalkabout.com.au/wp-content/uploads/2018/11/EASTERN-grey-kangaroo-male-260516mmp13wmlow-min.jpg
kangaroo-190.jpg,1024,560,kangaroo,94,108,1007,468,https://cdn.theculturetrip.com/wp-content/uploads/2016/07/kangaroo-1006539_1280-e1469188009784-1024x560.jpg
kangaroo-205.jpg,1600,900,kangaroo,933,289,1148,893,https://e3.365dm.com/18/08/1600x900/skynews-australia-kangaroo_4383561.jpg?20181014142132
kangaroo-69.jpg,1024,576,kangaroo,275,313,523,487,https://ichef.bbci.co.uk/news/1024/cpsprodpb/2561/production/_96696590_gettyimages-92809152.jpg
kangaroo-73.jpg,1920,1080,kangaroo,781,113,1143,883,https://www.pbs.org/wnet/nature/files/2011/12/002905-factsheet-mezz.jpg
kangaroo-256.jpg,1200,675,kangaroo,989,370,1098,502,https://media.bizj.us/view/img/11837955/roo-on-the-move*1200xx6000-3375-0-313.jpg
kangaroo-635.jpg,2000,1333,kangaroo,589,675,898,1199,https://nypost.com/wp-content/uploads/sites/2/2019/03/kangaroo-charges-paraglider-wp.jpg?quality=80&strip=all
kangaroo-623.jpg,1000,667,kangaroo,255,324,380,625,https://animals.sandiegozoo.org/sites/default/files/inline-images/mob-of-kangaroos.jpg
kangaroo-273.jpg,1200,630,kangaroo,771,2,1198,617,https://i2.wp.com/midwiferytoday.com/wp-content/uploads/1997/12/kangaroo-802458.jpg?fit=1200%2C630&ssl=1
kangaroo-231.jpg,1356,668,kangaroo,138,265,196,345,https://scx2.b-cdn.net/gfx/news/hires/2019/kangaroosand.jpg
kangaroo-48.jpg,2324,1660,kangaroo,663,765,1444,1227,https://cdn.audleytravel.com/2324/1660/79/495402-kangaroos.jpg
kangaroo-219.jpg,1280,720,kangaroo,82,81,532,720,https://i.ytimg.com/vi/AiTG6T9pTcM/maxresdefault.jpg
kangaroo-564.jpg,2449,1632,kangaroo,1173,584,1513,1167,https://img.theculturetrip.com/wp-content/uploads/2016/07/146142-2.jpg
kangaroo-382.jpg,3352,2237,kangaroo,2511,1354,2805,1510,https://www.australia.com/content/dam/assets/image/jpeg/l/g/w/d/119200-56.jpg
kangaroo-416.jpg,1300,624,kangaroo,67,150,397,401,"https://img1.wsimg.com/isteam/ip/b272f732-0ee2-4191-ba81-d6f87121d5e9/340f632f-9025-40a6-bd28-10c631879aad.jpg/:/cr=t:0%25,l:0%25,w:100%25,h:100%25/rs=w:1300,h:800"
kangaroo-10.jpg,1024,576,kangaroo,236,6,883,576,https://ichef.bbci.co.uk/news/1024/cpsprodpb/8B12/production/_103320653_kangab02file.jpg
kangaroo-117.jpg,925,1024,kangaroo,155,47,700,959,https://content.eol.org/data/media/7f/34/91/542.2953795068.jpg
kangaroo-15.jpg,512,288,kangaroo,182,4,327,288,https://lh3.googleusercontent.com/proxy/wguC7zDdowhE6unJY0I8B048Lb7x7su2kQbX5NCfYLyj7W4UWyy9AKluOHLe7A4nNBjF5hjvSfXGOainxXGjXE7kdpLxu0PnxaqI4IYQUlGYsw7ZvvAlts_qPiFi1w
kangaroo-395.jpg,1000,650,kangaroo,560,307,742,600,https://www.exceptionalkangarooisland.com/wp-content/uploads/2019/07/image-6.jpg
kangaroo-679.jpg,1000,667,kangaroo,196,19,1000,624,https://animals.sandiegozoo.org/sites/default/files/inline-images/red-kangaroo.jpg
kangaroo-132.jpg,1500,1605,kangaroo,241,239,1481,1269,https://www.laketobias.com/wp-content/uploads/2015/03/red-kangaroo-MJT_1430.jpg
kangaroo-571.jpg,211,239,kangaroo,87,20,211,237,https://encrypted-tbn0.gstatic.com/images?q=tbn:ANd9GcT7PAPUpHYs_k7C1mAwAcJOERAZe2vAueKJzg&usqp=CAU
kangaroo-171.jpg,1000,673,kangaroo,133,12,715,663,https://www.wildrepublic.com/wp-content/uploads/2018/11/kangaroo-1a-4858-xl.jpg
kangaroo-1.jpg,992,992,kangaroo,1,87,756,892,https://s.abcnews.com/images/International/kangaroo-stock-gty-jef-191003_hpMain_1x1_992.jpg
kangaroo-385.jpg,1280,852,kangaroo,460,238,915,803,https://media-cdn.tripadvisor.com/media/photo-m/1280/17/82/a8/9b/kangaroo-sanctuary-trip.jpg
kangaroo-637.jpg,925,1500,kangaroo,1,1,901,1380,https://images-na.ssl-images-amazon.com/images/I/81JtbK-VlbL._AC_SL1500_.jpg
kangaroo-127.jpg,1440,600,kangaroo,671,129,1019,600,https://s1.at.atcdn.net/wp-content/uploads/2019/01/TA-wildlife-gallery-kangaroo.jpg
kangaroo-722.jpg,1280,720,kangaroo,582,62,1031,681,https://i.ytimg.com/vi/AIwsJZzwwPw/maxresdefault.jpg
kangaroo-382.jpg,3352,2237,kangaroo,2567,1507,2940,1733,https://www.australia.com/content/dam/assets/image/jpeg/l/g/w/d/119200-56.jpg
kangaroo-305.jpg,275,183,kangaroo,1,27,117,138,https://encrypted-tbn0.gstatic.com/images?q=tbn:ANd9GcRg7o9GN1Y2keUZYJS_sVGLMHsr58eLJZD1uQ&usqp=CAU
kangaroo-624.jpg,800,800,kangaroo,1,37,713,800,https://media.npr.org/assets/img/2018/05/03/gettyimages-914774260-1-_sq-a75fe9059568e195f06f510e83e5f3c16596ff89-s800-c85.jpg
kangaroo-629.jpg,1356,668,kangaroo,253,1,1284,290,https://images.theconversation.com/files/5273/original/kangaroos_wombalano.jpg?ixlib=rb-1.1.0&q=45&auto=format&w=1356&h=668&fit=crop
kangaroo-198.jpg,1000,1250,kangaroo,257,511,827,859,https://images.squarespace-cdn.com/content/v1/57900a7f6b8f5b36071af54e/1568588857298-Q3M6JNB7CHIE88CUZBVG/ke17ZwdGBToddI8pDm48kJKo3YTR7zgUvInmXMbZ6zZ7gQa3H78H3Y0txjaiv_0fDoOvxcdMmMKkDsyUqMSsMWxHk725yiiHCCLfrh8O1z4YTzHvnKhyp6Da-NYroOW3ZGjoBKy3azqku80C789l0geeCvn1f36QDdcifB7yxGjTk-SMFplgtEhJ5kBshkhu5q5viBDDnY2i_eu2ZnquSA/kangaroo+at+sunset
kangaroo-435.jpg,177,284,kangaroo,42,5,177,284,https://encrypted-tbn0.gstatic.com/images?q=tbn:ANd9GcQBewywPzpvpz2FNHXsPgBe6ZIVtd7H6owJGw&usqp=CAU
kangaroo-134.jpg,2400,1350,kangaroo,521,345,1432,1022,https://big4-kentico-image-files-big4holidayparks.netdna-ssl.com/getmedia/6b7ab9d4-8ffa-427c-9095-109394604a0f/Kangaroo-sunset-_Resized.jpg
kangaroo-274.jpg,1100,825,kangaroo,462,240,1001,762,https://i.insider.com/5aeca844bd967122008b45cd?width=1100&format=jpeg&auto=webp
kangaroo-356.jpg,1500,1000,kangaroo,194,27,1102,969,https://www.thoughtco.com/thmb/_HcAwwzPfnUbPMdWQDsJAUFZGsk=/1500x1000/filters:no_upscale():max_bytes(150000):strip_icc()/kangaroo_and_joey-972c1e4d09894533a39f0c768b7f9cf8.jpg
kangaroo-48.jpg,2324,1660,kangaroo,73,475,1277,914,https://cdn.audleytravel.com/2324/1660/79/495402-kangaroos.jpg
kangaroo-368.jpg,1200,1200,kangaroo,743,418,1098,991,https://i.guim.co.uk/img/media/f6d54393ea22720defbb0afa3e076f67ce61c1f7/0_175_3000_1800/master/3000.jpg?width=1200&height=1200&quality=85&auto=format&fit=crop&s=9341836f17c1a43fa02c31234d02b220
kangaroo-269.jpg,828,591,kangaroo,605,307,808,454,https://cdn.audleytravel.com/828/591/60/166231-kangaroos-the-margaret-river-region-western-australia.jpg
kangaroo-40.jpg,2560,1440,kangaroo,384,315,1016,1021,https://www.pbs.org/wnet/nature/files/2020/07/carles-rabada-v3v6uz-n-pQ-unsplash-scaled.jpg
kangaroo-80.jpg,331,152,kangaroo,134,19,240,152,https://encrypted-tbn0.gstatic.com/images?q=tbn:ANd9GcTSv0H3jVK3mliAg29KWBIpkmNWw9vZs87zsQ&usqp=CAU
kangaroo-176.jpg,1170,777,kangaroo,649,245,918,557,https://www.flamingoland.co.uk/wp-content/uploads/2010/03/Western-Grey-Kangaroo-1170x777.jpg
kangaroo-563.jpg,1051,717,kangaroo,174,255,792,671,https://upload.wikimedia.org/wikipedia/commons/5/5d/RedRoo.JPG
kangaroo-325.jpg,1920,1080,kangaroo,1030,336,1335,865,https://cloudfront-us-east-1.images.arcpublishing.com/gmg/VXCIHDQGGZCPRCPG44IAF2MPCY.jpg
kangaroo-178.jpg,1000,668,kangaroo,225,47,669,668,https://images.squarespace-cdn.com/content/v1/5f728b592b72f8378e577d90/1602478267868-9IUV9SXA2TCL3A9OB6QB/ke17ZwdGBToddI8pDm48kL1JskOfCAWzsz2n9srxq9J7gQa3H78H3Y0txjaiv_0fDoOvxcdMmMKkDsyUqMSsMWxHk725yiiHCCLfrh8O1z4YTzHvnKhyp6Da-NYroOW3ZGjoBKy3azqku80C789l0mhydAgiKdIfeAoxVgE7c7pKrBF4dUolu_9oetKtpKrom3wq0E29XB4uUNZUDJsvAg/Kangaroo+2.jpg
kangaroo-321.jpg,908,604,kangaroo,318,16,717,578,https://arc-anglerfish-washpost-prod-washpost.s3.amazonaws.com/public/OI6VVODAPYZT5O4ZQIMI552FAY.jpg
kangaroo-96.jpg,931,524,kangaroo,323,11,593,524,https://a57.foxnews.com/static.foxnews.com/foxnews.com/content/uploads/2020/12/931/524/KangarooIStock.jpg?ve=1&tl=1
kangaroo-240.jpg,371,136,kangaroo,50,26,120,110,https://encrypted-tbn0.gstatic.com/images?q=tbn:ANd9GcQvLU_JUZSyzQkmU_nJCHx2AV8kBFBKRTGOOQ&usqp=CAU
kangaroo-688.jpg,1276,1024,kangaroo,26,16,1234,922,https://img.theculturetrip.com/wp-content/uploads/2018/04/female-red-kangaroo--bidgee-_-wikimedia-commons.jpg
kangaroo-377.jpg,289,174,kangaroo,159,86,251,139,https://encrypted-tbn0.gstatic.com/images?q=tbn:ANd9GcQaH3W7QhlXK2vxRQ6lt3jdprHa65zo-n44_w&usqp=CAU
kangaroo-31.jpg,1200,801,kangaroo,362,10,787,801,https://nypost.com/wp-content/uploads/sites/2/2018/12/ripped-kangaroo-dead.jpg?quality=80&strip=all&w=1200
kangaroo-229.jpg,1120,450,kangaroo,1,120,57,215,https://storyworks3.scholastic.com/content/dam/classroom-magazines/storyworksjr/issues/2019-20/100119/invasion-of-the-kangaroos/STWJ-102019-WPOWER-Hero.jpg
kangaroo-34.jpg,1200,800,kangaroo,165,307,283,490,https://images.newscientist.com/wp-content/uploads/2020/12/15192905/16-dec_kangaroos-ask-for-help.jpg
kangaroo-561.jpg,1000,500,kangaroo,685,297,985,490,https://www.echidnawalkabout.com.au/wp-content/uploads/2018/11/eastern-Grey-kangaroo-male-height-wmlowtext-min.jpg
kangaroo-70.jpg,940,627,kangaroo,110,254,544,528,https://www.abc.net.au/news/image/10995328-3x2-940x627.jpg
kangaroo-629.jpg,1356,668,kangaroo,368,436,793,668,https://images.theconversation.com/files/5273/original/kangaroos_wombalano.jpg?ixlib=rb-1.1.0&q=45&auto=format&w=1356&h=668&fit=crop
kangaroo-157.jpg,600,900,kangaroo,1,22,514,900,https://animals.sandiegozoo.org/sites/default/files/inline-images/western-grey-kangaroo.jpg
kangaroo-229.jpg,1120,450,kangaroo,615,84,669,218,https://storyworks3.scholastic.com/content/dam/classroom-magazines/storyworksjr/issues/2019-20/100119/invasion-of-the-kangaroos/STWJ-102019-WPOWER-Hero.jpg
kangaroo-361.jpg,275,183,kangaroo,98,13,170,177,https://encrypted-tbn0.gstatic.com/images?q=tbn:ANd9GcQ1zgXZuReWg1sA3F4ja1GNhcOdGnS2bUFAPQ&usqp=CAU
kangaroo-407.jpg,1200,674,kangaroo,244,3,917,674,"https://www.gannett-cdn.com/presto/2019/06/05/PJAM/bff72671-0634-4794-aa4f-fea56dba452e-Kangaroo.jpg?auto=webp&crop=719,404,x0,y153&format=pjpg&width=1200"
kangaroo-129.jpg,960,540,kangaroo,410,79,581,540,https://1v1d1e1lmiki1lgcvx32p49h8fe-wpengine.netdna-ssl.com/wp-content/uploads/2020/12/1608100478-kangaroo-960x540.jpg
kangaroo-67.jpg,1200,800,kangaroo,584,503,1175,765,https://www.petfoodprocessing.net/ext/resources/PFP-Images/Articles/101019_Kangaroo-Harvesting-Program_Lead.jpg?1570714236
kangaroo-259.jpg,1920,562,kangaroo,1284,112,1789,562,https://int.sydney.com/sites/international/files/styles/header_slider/public/2016-12/Kangaroos-Image-Destination-NSW.jpg?itok=JzgmM6CE
kangaroo-712.jpg,1000,667,kangaroo,267,3,1000,627,https://animals.sandiegozoo.org/sites/default/files/inline-images/kangaroo_joey_grazing.jpg
kangaroo-342.jpg,1200,600,kangaroo,205,88,913,582,https://images.labroots.com/content_article_profile_image_be697d29422a858ef0074341581a7005f21b623b_2427.jpg
kangaroo-686.jpg,1024,768,kangaroo,126,165,922,595,https://www.travelsavvygal.com/wp-content/uploads/2017/08/Kangaroo-Limbs-from-Pouch-10-Things-to-Know-About-Kangaroos-Before-You-Visit-Australia-CIMG1199-e1502338394524-768x1024.jpg
kangaroo-676.jpg,299,168,kangaroo,1,102,70,141,https://encrypted-tbn0.gstatic.com/images?q=tbn:ANd9GcRup84coHypOUSzzSKAglu25ZQvVlbj0Ff84Q&usqp=CAU
kangaroo-240.jpg,371,136,kangaroo,124,51,178,136,https://encrypted-tbn0.gstatic.com/images?q=tbn:ANd9GcQvLU_JUZSyzQkmU_nJCHx2AV8kBFBKRTGOOQ&usqp=CAU
kangaroo-166.jpg,276,183,kangaroo,56,5,223,163,https://encrypted-tbn0.gstatic.com/images?q=tbn:ANd9GcTbvh_tDCXl5MiSxIZKJceeXToFIa8VcAhBsA&usqp=CAU
kangaroo-214.jpg,1200,600,kangaroo,623,4,1189,580,"https://hips.hearstapps.com/hmg-prod.s3.amazonaws.com/images/roger-kangaroo-1544451514.jpg?crop=1.00xw:1.00xh;0,0&resize=1200:*"
kangaroo-456.jpg,1200,720,kangaroo,120,132,530,375,https://cdn2.wanderlust.co.uk/media/3741/articles-kangaroo-island.jpg?anchor=center&mode=crop&width=1200&height=0&rnd=131480779290000000
kangaroo-318.jpg,761,678,kangaroo,167,1,492,678,https://moonlitsanctuary.com.au/wp-content/uploads/2019/04/eastern-grey.jpg
kangaroo-715.jpg,1000,500,kangaroo,379,251,484,479,https://www.echidnawalkabout.com.au/wp-content/uploads/2018/11/EASTERN-grey-kangaroos-sunset-051118hfp01wmlow-min.jpg
kangaroo-660.jpg,1920,1076,kangaroo,642,19,1369,1076,https://animals.sandiegozoo.org/sites/default/files/2018-08/Kangaroo_WA.jpg
kangaroo-80.jpg,331,152,kangaroo,1,73,107,152,https://encrypted-tbn0.gstatic.com/images?q=tbn:ANd9GcTSv0H3jVK3mliAg29KWBIpkmNWw9vZs87zsQ&usqp=CAU
kangaroo-699.jpg,1280,720,kangaroo,365,72,760,718,https://i.ytimg.com/vi/WCcLMNcWZOc/maxresdefault.jpg
kangaroo-302.jpg,1100,735,kangaroo,398,49,903,735,https://www.adventuretours.com.au/sites/ata/files/styles/low-quality/public/SA_carousel_1100x735_0000_Kangaroos.jpg
kangaroo-250.jpg,1000,668,kangaroo,424,185,658,573,https://images.squarespace-cdn.com/content/v1/5f728b592b72f8378e577d90/1602557551698-RDKWA27D6FQK1Y20DT0P/ke17ZwdGBToddI8pDm48kBFVs2udq9uuGsb4EEKKWXR7gQa3H78H3Y0txjaiv_0fDoOvxcdMmMKkDsyUqMSsMWxHk725yiiHCCLfrh8O1z5QPOohDIaIeljMHgDF5CVlOqpeNLcJ80NK65_fV7S1UTThiVgEomory_tyVbCjf06-dfjgsh41iMMUJL4RFfJjIeF2EpoLyt6sn0O4yV-0Ew/Kangaroo+3b.jpg
kangaroo-534.jpg,962,828,kangaroo,671,16,962,489,https://i.dailymail.co.uk/1s/2020/09/22/01/33459058-8758003-An_Eastern_Grey_kangaroo_has_given_birth_to_an_albino_kangaroo_t-a-35_1600736059484.jpg
kangaroo-34.jpg,1200,800,kangaroo,276,352,366,549,https://images.newscientist.com/wp-content/uploads/2020/12/15192905/16-dec_kangaroos-ask-for-help.jpg
kangaroo-208.jpg,1024,700,kangaroo,477,136,749,521,https://cdn.cdnparenting.com/articles/2019/03/08181641/419555083-H.jpg
kangaroo-677.jpg,1080,675,kangaroo,176,358,500,674,https://kangaroosanctuary.com/wp-content/uploads/2018/05/starstruck-meeting-kangaroo-dundee-and-his-kangaroos-1080x675.jpg
kangaroo-81.jpg,1180,663,kangaroo,296,46,1016,500,https://www.thetimes.co.uk/imageserver/image/%2Fmethode%2Ftimes%2Fprod%2Fweb%2Fbin%2F0d34fc50-e456-11e9-bc3e-661ff0438ed9.jpg?crop=5616%2C3159%2C0%2C293&resize=1180
kangaroo-219.jpg,1280,720,kangaroo,550,154,942,720,https://i.ytimg.com/vi/AiTG6T9pTcM/maxresdefault.jpg
kangaroo-662.jpg,1000,1000,kangaroo,226,96,731,910,https://m.media-amazon.com/images/I/61ieTo3fkkL.jpg
kangaroo-556.jpg,683,1024,kangaroo,59,292,574,795,https://denverzoo.org/wp-content/uploads/2018/09/red-kangaroo-6.jpg
kangaroo-115.jpg,976,790,kangaroo,457,301,600,638,https://c.files.bbci.co.uk/7A43/production/_87699213_61f86858-7879-42a5-a496-4274d2c5a667.jpg
kangaroo-51.jpg,976,549,kangaroo,82,69,789,474,https://c.files.bbci.co.uk/A6CA/production/_103589624_011717548.jpg
kangaroo-216.jpg,299,168,kangaroo,148,79,247,136,https://encrypted-tbn0.gstatic.com/images?q=tbn:ANd9GcQmehqtRAiGibKLo1jecqw_c1bYps3zPskAGQ&usqp=CAU
kangaroo-683.jpg,300,168,kangaroo,210,62,248,125,https://encrypted-tbn0.gstatic.com/images?q=tbn:ANd9GcQ1PhEhJlHRTLditVxU7eRetb41I4MZUTprGQ&usqp=CAU
kangaroo-179.jpg,2121,1414,kangaroo,682,354,1391,1234,https://www.treehugger.com/thmb/HiQlgOW7QmDLraM3VmQJmZxwsFM=/2121x1414/filters:no_upscale():max_bytes(150000):strip_icc()/kangaroo-joey-pouch-01-2c56ddc0dca7400394cef76a189690e4.jpg
kangaroo-553.jpg,1300,610,kangaroo,105,155,411,389,"https://img1.wsimg.com/isteam/ip/b272f732-0ee2-4191-ba81-d6f87121d5e9/ed084144-1e66-4056-a731-e95a31b04a87.jpg/:/cr=t:0%25,l:0%25,w:100%25,h:100%25/rs=w:1300,h:800"
kangaroo-658.jpg,1280,720,kangaroo,351,13,885,720,https://i.ytimg.com/vi/HZ1kTgMIanw/maxresdefault.jpg
kangaroo-186.jpg,194,259,kangaroo,16,42,151,227,https://encrypted-tbn0.gstatic.com/images?q=tbn:ANd9GcRasGNvjoV_cZ8Lo5LyKiG7ef8SJ-9y2UYefQ&usqp=CAU
kangaroo-339.jpg,1000,562,kangaroo,290,175,720,404,https://www.aljazeera.com/wp-content/uploads/2018/10/e7b8524ab42e4067b66d6a3e5fb7b0dd_18.jpeg?fit=1000%2C562
kangaroo-668.jpg,1200,630,kangaroo,1,303,409,630,https://i.guim.co.uk/img/media/6caa0bd3aa6b67a63a426f1744f19b52e6a8f761/324_83_794_476/master/794.jpg?width=1200&height=630&quality=85&auto=format&fit=crop&overlay-align=bottom%2Cleft&overlay-width=100p&overlay-base64=L2ltZy9zdGF0aWMvb3ZlcmxheXMvdGctYWdlLTIwMTYucG5n&enable=upscale&s=6fc283338fe0a4e1c0495c1d69db9708
kangaroo-273.jpg,1200,630,kangaroo,240,46,699,598,https://i2.wp.com/midwiferytoday.com/wp-content/uploads/1997/12/kangaroo-802458.jpg?fit=1200%2C630&ssl=1
kangaroo-191.jpg,1075,555,kangaroo,164,7,743,555,https://images.dailyhive.com/20201006120154/shutterstock_1707954415.jpg
kangaroo-182.jpg,300,168,kangaroo,23,40,183,152,https://encrypted-tbn0.gstatic.com/images?q=tbn:ANd9GcTewiZrSibc7Jeu3J_eZA2y3ByH3jTsewelUw&usqp=CAU
kangaroo-229.jpg,1120,450,kangaroo,157,98,213,216,https://storyworks3.scholastic.com/content/dam/classroom-magazines/storyworksjr/issues/2019-20/100119/invasion-of-the-kangaroos/STWJ-102019-WPOWER-Hero.jpg
kangaroo-345.jpg,1000,667,kangaroo,297,131,575,567,https://www.worldatlas.com/upload/c6/1a/f5/shutterstock-95595823.jpg
kangaroo-447.jpg,1984,1116,kangaroo,1,364,910,1116,https://www.nfsa.gov.au/sites/default/files/styles/img2x992x558/public/article/hero_image05-2019/nfsa_0686_skippy_webheader_2.jpg?itok=OovwjYZP&timestamp=1558663219
kangaroo-266.jpg,1200,760,kangaroo,30,383,399,760,https://365cincinnati.com/wp-content/uploads/2020/08/kangaroo-with-people.jpg
kangaroo-676.jpg,299,168,kangaroo,150,81,230,142,https://encrypted-tbn0.gstatic.com/images?q=tbn:ANd9GcRup84coHypOUSzzSKAglu25ZQvVlbj0Ff84Q&usqp=CAU
kangaroo-699.jpg,1280,720,kangaroo,201,485,370,705,https://i.ytimg.com/vi/WCcLMNcWZOc/maxresdefault.jpg
kangaroo-425.jpg,847,567,kangaroo,133,44,805,539,https://t1.ea.ltmcdn.com/en/images/2/6/3/what_do_kangaroos_eat_1362_orig.jpg
kangaroo-52.jpg,263,192,kangaroo,98,11,228,164,https://encrypted-tbn0.gstatic.com/images?q=tbn:ANd9GcTVCzz-uhaO4ly6psR-K14dvdWgdhYgRu0R3g&usqp=CAU
kangaroo-364.jpg,1200,628,kangaroo,569,150,869,589,https://media.greenmatters.com/brand-img/IppTt7_aj/0x0/prada-bans-kangaroo-leather-2-1597435916844.jpg
kangaroo-19.jpg,1200,793,kangaroo,34,56,1026,708,https://cosmosmagazine.com/wp-content/uploads/2020/04/181005_kangaroo_1_1200.jpg
kangaroo-176.jpg,1170,777,kangaroo,87,174,653,638,https://www.flamingoland.co.uk/wp-content/uploads/2010/03/Western-Grey-Kangaroo-1170x777.jpg
kangaroo-380.jpg,866,1390,kangaroo,193,20,767,1195,https://c8.alamy.com/comp/M1YNFP/a-red-kangaroo-macropus-rufus-with-the-black-and-white-markings-on-M1YNFP.jpg
kangaroo-40.jpg,2560,1440,kangaroo,925,32,1762,1369,https://www.pbs.org/wnet/nature/files/2020/07/carles-rabada-v3v6uz-n-pQ-unsplash-scaled.jpg
kangaroo-128.jpg,1200,630,kangaroo,206,293,766,623,https://npr.brightspotcdn.com/dims4/default/57beebf/2147483647/strip/true/crop/1525x801+0+193/resize/1200x630!/quality/90/?url=http%3A%2F%2Fnpr-brightspot.s3.amazonaws.com%2Flegacy%2Fsites%2Fwlrn%2Ffiles%2F202007%2FEdDoXQEXgAECanJ.jpeg
kangaroo-536.jpg,1000,654,kangaroo,527,191,836,647,https://images.unsplash.com/photo-1596769298508-ff85790d7ebb?ixid=MXwxMjA3fDB8MHxzZWFyY2h8MzJ8fGthbmdhcm9vfGVufDB8fDB8&ixlib=rb-1.2.1&w=1000&q=80
kangaroo-476.jpg,275,183,kangaroo,84,13,236,155,https://encrypted-tbn0.gstatic.com/images?q=tbn:ANd9GcRxBQKAP-mMO6OtvNona4lh9DbyY5Z76Wn1ww&usqp=CAU
kangaroo-485.jpg,1024,680,kangaroo,183,257,410,463,https://denverzoo.org/wp-content/uploads/2018/09/red-kangaroo-1.jpg
kangaroo-508.jpg,768,1024,kangaroo,192,48,768,1024,https://twycrosszoo.org/wp-content/uploads/2018/02/Western-Grey-Kangaroo-3.jpg
kangaroo-340.jpg,1024,732,kangaroo,138,136,650,672,https://img.theculturetrip.com/wp-content/uploads/2018/03/3737441631_1f09c37c03_b.jpg
kangaroo-469.jpg,1200,799,kangaroo,891,210,1199,465,https://bloximages.newyork1.vip.townnews.com/gazette.com/content/tncms/assets/v3/editorial/2/04/204cf0b2-b964-11e9-9844-2bdfa9af6ca6/5d4b531328bfb.image.jpg?resize=1200%2C799
kangaroo-5.jpg,1820,2730,kangaroo,1,605,1409,2648,https://i.pinimg.com/originals/96/83/c6/9683c6963f22611e903a71a8f75c0152.jpg
kangaroo-675.jpg,729,1024,kangaroo,1,68,474,696,https://media.istockphoto.com/photos/kangaroo-with-her-joey-baby-kangaroo-in-moms-belly-front-bag-in-park-picture-id987257438
kangaroo-382.jpg,3352,2237,kangaroo,2802,1366,3117,1527,https://www.australia.com/content/dam/assets/image/jpeg/l/g/w/d/119200-56.jpg
kangaroo-596.jpg,679,929,kangaroo,204,2,679,889,https://images-na.ssl-images-amazon.com/images/I/71-O2WHHtmL._AC_SX679_.jpg
kangaroo-700.jpg,2316,3088,kangaroo,299,1150,1490,3088,https://kangaroosanctuary.com/wp-content/uploads/2016/03/Rescue-centre-joey-Derek-April-2019.jpg
kangaroo-320.jpg,1200,773,kangaroo,425,270,1158,682,https://bloximages.newyork1.vip.townnews.com/gazette.com/content/tncms/assets/v3/editorial/1/ef/1efa4f90-b962-11e9-8b9d-9724c0231c18/5d4b50722477c.image.jpg?resize=1200%2C773
kangaroo-382.jpg,3352,2237,kangaroo,146,1177,340,1392,https://www.australia.com/content/dam/assets/image/jpeg/l/g/w/d/119200-56.jpg
kangaroo-424.jpg,2000,1046,kangaroo,599,646,806,846,https://imagesvc.meredithcorp.io/v3/mm/image?q=85&c=sc&poi=face&w=2000&h=1047&url=https%3A%2F%2Fstatic.onecms.io%2Fwp-content%2Fuploads%2Fsites%2F20%2F2019%2F12%2Fgettyimages-1068032914-2000.jpg
kangaroo-599.jpg,683,1024,kangaroo,157,256,479,900,https://media.istockphoto.com/photos/mating-kangaroos-picture-id607929946
kangaroo-305.jpg,275,183,kangaroo,120,22,268,140,https://encrypted-tbn0.gstatic.com/images?q=tbn:ANd9GcRg7o9GN1Y2keUZYJS_sVGLMHsr58eLJZD1uQ&usqp=CAU
kangaroo-311.jpg,1280,720,kangaroo,1,39,698,720,https://whdh.com/wp-content/uploads/sites/3/2020/12/kangaroo-5550931_1280.jpg?quality=60&strip=color
kangaroo-590.jpg,800,917,kangaroo,10,6,784,888,https://media.australian.museum/media/dd/images/Procoptodon_goliah.width-800.a2a375e.jpg
kangaroo-34.jpg,1200,800,kangaroo,333,412,439,696,https://images.newscientist.com/wp-content/uploads/2020/12/15192905/16-dec_kangaroos-ask-for-help.jpg
kangaroo-75.jpg,1868,1868,kangaroo,243,75,1727,1868,https://www.nationalgeographic.com/content/dam/animals/thumbs/rights-exempt/mammals/r/red-kangaroo_thumb.JPG
kangaroo-84.jpg,1200,900,kangaroo,14,97,427,832,https://cms.qz.com/wp-content/uploads/2015/08/kangaroo-lead-collage1.jpg?quality=75&strip=all&w=1200&h=900&crop=1
kangaroo-257.jpg,1052,699,kangaroo,246,231,455,678,https://images.photowall.com/products/58689/group-of-kangaroo.jpg?h=699&q=85
kangaroo-108.jpg,962,1313,kangaroo,37,33,762,1241,https://i.dailymail.co.uk/1s/2020/09/22/01/33459010-8758003-That_means_there_may_only_be_500_white_or_albino_kangaroos_in_Au-a-40_1600736059496.jpg
kangaroo-113.jpg,724,1024,kangaroo,122,148,706,733,https://media.istockphoto.com/photos/kangaroo-picture-id186834486
kangaroo-0.jpg,3872,2592,kangaroo,60,367,2872,2399,https://upload.wikimedia.org/wikipedia/commons/0/0c/Kangaroo_Australia_01_11_2008_-_retouch.JPG
kangaroo-372.jpg,862,575,kangaroo,145,258,392,438,https://www.abc.net.au/cm/rimage/12276964-3x2-xlarge.jpg?v=2
kangaroo-217.jpg,986,555,kangaroo,359,1,833,555,https://wjla.com/resources/media/e94f5097-da47-43fc-9344-c7f974e027ff-large16x9_FullSizeRender5.jpg?1596653815089
kangaroo-480.jpg,861,646,kangaroo,615,316,861,646,https://www.abc.net.au/cm/rimage/10736158-4x3-xlarge.jpg?v=3
kangaroo-682.jpg,194,259,kangaroo,1,22,93,184,https://encrypted-tbn0.gstatic.com/images?q=tbn:ANd9GcQNGP59t61s-yiZKkpelq4PcocQsuJJj4Hkng&usqp=CAU
kangaroo-486.jpg,2048,1365,kangaroo,1202,33,1525,691,https://theculturetrip.com/wp-content/uploads/2018/03/9529125224_929fb0cf03_k.jpg
kangaroo-86.jpg,2667,2000,kangaroo,288,581,1805,2000,https://www.treehugger.com/thmb/rm6gNgIR-VfuBM4J4zqQel82fZM=/2667x2000/smart/filters:no_upscale()/kangaroo-beach-sunset-02-7be17b03dc544a13aadaec3f8288d218.jpg
kangaroo-218.jpg,900,742,kangaroo,66,465,456,682,https://365cincinnati.com/wp-content/uploads/2020/08/kangaroo-with-family-900x742.jpg
kangaroo-18.jpg,862,1149,kangaroo,7,145,862,884,https://www.abc.net.au/cm/rimage/11482044-3x4-xlarge.jpg?v=3
kangaroo-187.jpg,1000,634,kangaroo,238,256,502,562,https://australianwildlifejourneys.com/file/resize/r1000x0~70/153_christina_schulthess_ptt_kangaroo_hug.jpg?s=e96e82e625fcbe0cc8a13e3f1d88faef64dff8f5
kangaroo-519.jpg,1024,684,kangaroo,274,161,465,594,https://australianwildlifejourneys.com/file/resize/r1024x0/559_awc_eki_kangarooislandkangarooshabitat.jpg?s=91386f823c30973a3439634ed85d9986d7051cbd
kangaroo-486.jpg,2048,1365,kangaroo,1846,159,2048,526,https://theculturetrip.com/wp-content/uploads/2018/03/9529125224_929fb0cf03_k.jpg
kangaroo-77.jpg,1024,576,kangaroo,204,33,858,557,https://m.dw.com/image/51418096_101.jpg
kangaroo-534.jpg,962,828,kangaroo,86,231,324,789,https://i.dailymail.co.uk/1s/2020/09/22/01/33459058-8758003-An_Eastern_Grey_kangaroo_has_given_birth_to_an_albino_kangaroo_t-a-35_1600736059484.jpg
kangaroo-406.jpg,1080,797,kangaroo,241,44,523,765,https://wildambienceassets.s3.amazonaws.com/wp-content/uploads/2020/07/23204817/nsw_05308_1080.jpg
kangaroo-364.jpg,1200,628,kangaroo,416,24,568,558,https://media.greenmatters.com/brand-img/IppTt7_aj/0x0/prada-bans-kangaroo-leather-2-1597435916844.jpg
kangaroo-203.jpg,1125,1500,kangaroo,258,533,741,1500,https://images-na.ssl-images-amazon.com/images/I/81S5OYbzk8L._SL1500_.jpg
kangaroo-104.jpg,275,183,kangaroo,24,43,194,162,https://encrypted-tbn0.gstatic.com/images?q=tbn:ANd9GcQxPXhMAIGoCob1BljLSVxubHXNgAaBh9vu3A&usqp=CAU
kangaroo-48.jpg,2324,1660,kangaroo,1344,764,2297,1231,https://cdn.audleytravel.com/2324/1660/79/495402-kangaroos.jpg
kangaroo-107.jpg,1200,800,kangaroo,515,393,996,760,https://images.newscientist.com/wp-content/uploads/2016/06/20153111/gettyimages-464739327.jpg
kangaroo-250.jpg,1000,668,kangaroo,1,209,87,407,https://images.squarespace-cdn.com/content/v1/5f728b592b72f8378e577d90/1602557551698-RDKWA27D6FQK1Y20DT0P/ke17ZwdGBToddI8pDm48kBFVs2udq9uuGsb4EEKKWXR7gQa3H78H3Y0txjaiv_0fDoOvxcdMmMKkDsyUqMSsMWxHk725yiiHCCLfrh8O1z5QPOohDIaIeljMHgDF5CVlOqpeNLcJ80NK65_fV7S1UTThiVgEomory_tyVbCjf06-dfjgsh41iMMUJL4RFfJjIeF2EpoLyt6sn0O4yV-0Ew/Kangaroo+3b.jpg
kangaroo-442.jpg,267,189,kangaroo,1,58,57,128,https://encrypted-tbn0.gstatic.com/images?q=tbn:ANd9GcS7AC3yvyFi-Tv88-DbSXCdI37DhA7qo-hgJA&usqp=CAU
kangaroo-230.jpg,1024,576,kangaroo,378,116,789,498,https://miami.cbslocal.com/wp-content/uploads/sites/15909786/2020/07/kanga.jpg?w=1024
kangaroo-655.jpg,1000,501,kangaroo,278,47,915,451,https://www.echidnawalkabout.com.au/wp-content/uploads/2018/06/red-Kangaroo-hopping-mungo-310317p26wmlonglow-min.jpg
kangaroo-42.jpg,1023,576,kangaroo,39,10,868,566,https://www.snopes.com/tachyon/2010/01/kangaroo.jpg
kangaroo-183.jpg,1024,680,kangaroo,830,179,1024,551,https://mk0australianfa1qtvu.kinstacdn.com/wp-content/uploads/2016/09/canberra-kangaroo-1024x680.jpg
kangaroo-197.jpg,1200,900,kangaroo,824,428,1025,689,https://www.shropshirestar.com/resizer/oauC0AlM2J5WN8HrDblSq68elTo=/1200x0/cloudfront-us-east-1.images.arcpublishing.com/mna/KJBOEPYMMNBU7DKPQINXVIOYTA.jpg
kangaroo-543.jpg,3001,2000,kangaroo,1407,1256,1833,1848,https://www.thoughtco.com/thmb/B9hqwlBBrlgjr7EVjxE7UHBCejo=/3001x2000/filters:no_upscale():max_bytes(150000):strip_icc()/GettyImages-533743451-d0f9a18b2061451f9995b6068d197836.jpg
kangaroo-506.jpg,992,487,kangaroo,151,7,460,430,https://s.abcnews.com/images/International/ht_kangaroo_3_kab_150424_33x16_992.jpg
kangaroo-221.jpg,1200,1600,kangaroo,326,211,1052,1508,https://upload.wikimedia.org/wikipedia/commons/thumb/7/74/Red_necked_wallaby444.jpg/1200px-Red_necked_wallaby444.jpg
kangaroo-248.jpg,2048,1368,kangaroo,84,410,1018,991,https://static01.nyt.com/images/2018/01/19/movies/19kangaroo/merlin_132191972_793e63a8-0c67-4685-abcc-5d240c967aa2-superJumbo.jpg
kangaroo-711.jpg,1000,500,kangaroo,154,65,583,462,https://www.echidnawalkabout.com.au/wp-content/uploads/2018/11/eastern-grey-kangaroos-male-courting-female-091017p12wmlowtext-min.jpg
kangaroo-68.jpg,1000,667,kangaroo,625,275,879,560,https://images.theconversation.com/files/39269/original/5mmq7myk-1389927676.jpg?ixlib=rb-1.1.0&q=45&auto=format&w=1000&fit=clip
kangaroo-681.jpg,970,600,kangaroo,87,92,363,459,"https://m.media-amazon.com/images/S/aplus-media/vc/62a796f8-5544-4662-9fe4-56c9b82107fa.__CR0,0,970,600_PT0_SX970_V1___.jpg"
kangaroo-16.jpg,3645,2581,kangaroo,197,152,3024,2384,https://globalnews.ca/wp-content/uploads/2018/04/kangaroo.jpg?quality=85&strip=all
kangaroo-406.jpg,1080,797,kangaroo,522,91,772,750,https://wildambienceassets.s3.amazonaws.com/wp-content/uploads/2020/07/23204817/nsw_05308_1080.jpg
kangaroo-687.jpg,1200,900,kangaroo,510,399,1150,711,https://i.guim.co.uk/img/media/8dd76593ae3cea74441c8089aba344f13bbe17dd/0_0_5400_3243/master/5400.jpg?width=1200&height=900&quality=85&auto=format&fit=crop&s=ad0bfceeadf69abca498304230595e1e
kangaroo-455.jpg,300,168,kangaroo,141,92,233,150,https://encrypted-tbn0.gstatic.com/images?q=tbn:ANd9GcRWxSOSMXsUeVGsUMUDyphp7EQZXldwdmBS3g&usqp=CAU
kangaroo-382.jpg,3352,2237,kangaroo,399,1201,570,1389,https://www.australia.com/content/dam/assets/image/jpeg/l/g/w/d/119200-56.jpg
kangaroo-57.jpg,1180,663,kangaroo,425,50,1152,634,https://www.thetimes.co.uk/imageserver/image/%2Fmethode%2Ftimes%2Fprod%2Fweb%2Fbin%2F5446946a-a0d1-11e8-8dd0-114e457a16b3.jpg?crop=4064%2C2286%2C0%2C212&resize=1180
kangaroo-594.jpg,1170,430,kangaroo,366,65,648,395,https://s3-ap-southeast-2.amazonaws.com/sealink-cms-assets/assets/page-asset/1086/kangaroo.jpg
kangaroo-532.jpg,1280,960,kangaroo,458,278,866,857,https://scx2.b-cdn.net/gfx/news/2017/1-surpriseinth.jpg
kangaroo-628.jpg,995,1200,kangaroo,189,16,720,1181,https://pbs.twimg.com/media/Dt5-KHjX4AAXO7U.jpg
kangaroo-647.jpg,976,549,kangaroo,266,58,856,473,https://c.files.bbci.co.uk/1622F/production/_96717609_mediaitem96715861.jpg
kangaroo-603.jpg,1200,630,kangaroo,403,60,583,630,https://cnet4.cbsistatic.com/img/dEPVdAzocsm-i-quG3jZKF-Z1RU=/1200x630/2016/12/07/365e5295-9bd9-41cf-9f3f-714254d26e91/kangaroo-dog-punch-video-backstory.jpg
kangaroo-548.jpg,1024,768,kangaroo,172,199,555,540,https://www.travelsavvygal.com/wp-content/uploads/2017/08/Kangaroo-on-tail-10-Things-to-Know-About-Kangaroos-Before-You-Visit-Australia-CIMG1226-1024x768.jpg
kangaroo-543.jpg,3001,2000,kangaroo,410,1305,874,1607,https://www.thoughtco.com/thmb/B9hqwlBBrlgjr7EVjxE7UHBCejo=/3001x2000/filters:no_upscale():max_bytes(150000):strip_icc()/GettyImages-533743451-d0f9a18b2061451f9995b6068d197836.jpg
kangaroo-382.jpg,3352,2237,kangaroo,2008,1401,2476,1721,https://www.australia.com/content/dam/assets/image/jpeg/l/g/w/d/119200-56.jpg
kangaroo-416.jpg,1300,624,kangaroo,644,310,987,575,"https://img1.wsimg.com/isteam/ip/b272f732-0ee2-4191-ba81-d6f87121d5e9/340f632f-9025-40a6-bd28-10c631879aad.jpg/:/cr=t:0%25,l:0%25,w:100%25,h:100%25/rs=w:1300,h:800"
kangaroo-330.jpg,1280,720,kangaroo,438,134,774,632,https://images.foxtv.com/static.ktvu.com/www.ktvu.com/content/uploads/2020/08/1280/720/albino-kangaroo.jpg?ve=1&tl=1
kangaroo-116.jpg,1800,1200,kangaroo,1057,632,1164,778,https://static01.nyt.com/images/2020/12/18/world/18oz-kangaroo/18oz-kangaroo-mobileMasterAt3x.jpg
kangaroo-287.jpg,800,647,kangaroo,190,35,566,647,https://media.australian.museum/media/dd/images/red_kangaroo.d517513.width-800.9745cef.jpg
kangaroo-187.jpg,1000,634,kangaroo,466,332,592,541,https://australianwildlifejourneys.com/file/resize/r1000x0~70/153_christina_schulthess_ptt_kangaroo_hug.jpg?s=e96e82e625fcbe0cc8a13e3f1d88faef64dff8f5
kangaroo-147.jpg,1200,630,kangaroo,225,361,358,577,https://i.guim.co.uk/img/media/cb1a109ebf8cbeb3660a5de1b2e02299929a48fc/264_0_819_492/master/819.jpg?width=1200&height=630&quality=85&auto=format&fit=crop&overlay-align=bottom%2Cleft&overlay-width=100p&overlay-base64=L2ltZy9zdGF0aWMvb3ZlcmxheXMvdGctYWdlLTIwMTgucG5n&enable=upscale&s=29c0ceab8b765734df8e7631dd8e9e14
kangaroo-424.jpg,2000,1046,kangaroo,1118,702,1313,883,https://imagesvc.meredithcorp.io/v3/mm/image?q=85&c=sc&poi=face&w=2000&h=1047&url=https%3A%2F%2Fstatic.onecms.io%2Fwp-content%2Fuploads%2Fsites%2F20%2F2019%2F12%2Fgettyimages-1068032914-2000.jpg
kangaroo-625.jpg,2048,1360,kangaroo,295,376,906,1180,https://www.nationalgeographic.com/content/dam/news/2017/11/21/kangaroo-controversy/01-kangaroo-controvery.jpg
kangaroo-501.jpg,1300,956,kangaroo,414,267,948,726,https://c8.alamy.com/comp/2C2XM09/red-kangaroo-macropus-rufus-in-barcelona-zoo-2C2XM09.jpg
kangaroo-259.jpg,1920,562,kangaroo,363,1,823,562,https://int.sydney.com/sites/international/files/styles/header_slider/public/2016-12/Kangaroos-Image-Destination-NSW.jpg?itok=JzgmM6CE
kangaroo-614.jpg,2048,1310,kangaroo,709,478,1769,1211,https://img.theculturetrip.com/wp-content/uploads/2018/03/34793864925_03af0b2f42_k-e1521083580262.jpg
kangaroo-199.jpg,1280,720,kangaroo,370,452,475,659,https://www.sciencemag.org/sites/default/files/styles/article_main_large/public/kangaroo_16x9.jpg?itok=qBtVlh-Z
kangaroo-256.jpg,1200,675,kangaroo,66,422,511,613,https://media.bizj.us/view/img/11837955/roo-on-the-move*1200xx6000-3375-0-313.jpg
kangaroo-295.jpg,289,174,kangaroo,25,1,170,174,https://encrypted-tbn0.gstatic.com/images?q=tbn:ANd9GcTq30Qym1KYPkORjyvIfH7jlOiC_xTN_iMlfQ&usqp=CAU
kangaroo-116.jpg,1800,1200,kangaroo,640,628,804,856,https://static01.nyt.com/images/2020/12/18/world/18oz-kangaroo/18oz-kangaroo-mobileMasterAt3x.jpg
kangaroo-580.jpg,1280,720,kangaroo,287,91,673,720,https://i.ytimg.com/vi/LBA43iChw-A/maxresdefault.jpg
kangaroo-147.jpg,1200,630,kangaroo,348,34,652,628,https://i.guim.co.uk/img/media/cb1a109ebf8cbeb3660a5de1b2e02299929a48fc/264_0_819_492/master/819.jpg?width=1200&height=630&quality=85&auto=format&fit=crop&overlay-align=bottom%2Cleft&overlay-width=100p&overlay-base64=L2ltZy9zdGF0aWMvb3ZlcmxheXMvdGctYWdlLTIwMTgucG5n&enable=upscale&s=29c0ceab8b765734df8e7631dd8e9e14
kangaroo-382.jpg,3352,2237,kangaroo,1864,1289,2096,1489,https://www.australia.com/content/dam/assets/image/jpeg/l/g/w/d/119200-56.jpg
kangaroo-165.jpg,275,183,kangaroo,29,20,217,172,https://encrypted-tbn0.gstatic.com/images?q=tbn:ANd9GcTv6rWbHctHVb7NKz59nGtW5CWkuOxyGexrxQ&usqp=CAU
kangaroo-299.jpg,720,945,kangaroo,143,82,693,918,https://www.gannett-cdn.com/presto/2019/06/05/PJAM/bff72671-0634-4794-aa4f-fea56dba452e-Kangaroo.jpg
kangaroo-482.jpg,937,773,kangaroo,1,303,447,773,https://thelouise.com.au/wp-content/uploads/2019/05/Breakfast-with-the-Roos-Carousel-1.jpg
kangaroo-649.jpg,1300,956,kangaroo,615,452,910,762,https://c8.alamy.com/comp/TRETN8/kangaroo-on-a-golf-course-in-australia-TRETN8.jpg
kangaroo-382.jpg,3352,2237,kangaroo,93,1510,905,1989,https://www.australia.com/content/dam/assets/image/jpeg/l/g/w/d/119200-56.jpg
kangaroo-642.jpg,862,1149,kangaroo,237,277,612,982,https://www.abc.net.au/cm/rimage/11849616-3x4-xlarge.jpg?v=2
kangaroo-388.jpg,2138,1402,kangaroo,479,83,1227,1402,https://www.treehugger.com/thmb/CiqaHPhkTvhW1GNz3ssHQykajHk=/2138x1402/filters:no_upscale():max_bytes(150000):strip_icc()/male-red-kangaroo-01-a86ddc68054647dfae431e931e97b361.jpg
kangaroo-205.jpg,1600,900,kangaroo,716,324,973,625,https://e3.365dm.com/18/08/1600x900/skynews-australia-kangaroo_4383561.jpg?20181014142132
kangaroo-504.jpg,2400,1350,kangaroo,339,135,1817,1220,https://big4-kentico-image-files-big4holidayparks.netdna-ssl.com/getmedia/9d975cb1-2339-4f13-b3e7-e3cb8550ec78/Kangaroos_at_Anglesea_Golf_Club-_Resized.jpg
kangaroo-241.jpg,937,773,kangaroo,165,470,729,735,https://thelouise.com.au/wp-content/uploads/2019/05/Breakfast-with-the-Roos-Breakfast-with-the-Roos-Carousel-3.jpg
kangaroo-509.jpg,1000,500,kangaroo,320,161,567,420,https://www.echidnawalkabout.com.au/wp-content/uploads/2019/11/antilopine-kangaroo-mary-river-200814p14.jpg
kangaroo-62.jpg,1200,800,kangaroo,809,147,1020,333,https://www.torontozoo.com/img/1200/20190416034441421shutterstock1137970679.jpg
kangaroo-646.jpg,900,1200,kangaroo,101,18,816,1200,https://www.billabongsanctuary.com.au/wp-content/uploads/2016/03/grey-roo-and-joey-1.jpg
kangaroo-454.jpg,512,337,kangaroo,1,176,93,249,https://lh3.googleusercontent.com/proxy/qCS3n2SC6QZLIT8_6RGU6PyL3K2D0RWebfed71k_ze4NNWCn1-HdZehW2CvGh4w-4EUnHrdTh8MrjB3dp2e9Dn7_bKLFupLb1L8KaKQQXb1PHK9RlHOFB7V0cjJ9DBB9tg
kangaroo-11.jpg,1400,1400,kangaroo,4,106,1400,1314,https://cdn.vox-cdn.com/thumbor/Nbtb-CbMJfsEjsJdRldBIDo17PY=/0x0:3000x2000/1400x1400/filters:focal(0x0:3000x2000):format(jpeg)/cdn.vox-cdn.com/uploads/chorus_image/image/49468403/GettyImages-512657552.0.jpg
kangaroo-257.jpg,1052,699,kangaroo,435,71,667,641,https://images.photowall.com/products/58689/group-of-kangaroo.jpg?h=699&q=85
kangaroo-642.jpg,862,1149,kangaroo,158,874,320,977,https://www.abc.net.au/cm/rimage/11849616-3x4-xlarge.jpg?v=2
kangaroo-79.jpg,1200,881,kangaroo,562,365,1051,793,https://thumbor.forbes.com/thumbor/fit-in/1200x0/filters%3Aformat%28jpg%29/https%3A%2F%2Fspecials-images.forbesimg.com%2Fimageserve%2Fd5f0fe9fb5524c3f888a950d64aaf3a0%2F0x0.jpg
kangaroo-666.jpg,862,575,kangaroo,428,296,835,568,https://www.abc.net.au/cm/rimage/9902278-3x2-xlarge.jpg?v=4
kangaroo-140.jpg,1500,2250,kangaroo,1,160,1418,2250,https://philadelphiazoo.org/wp-content/uploads/2019/10/Kangaroo_Hunter_3510.jpg
kangaroo-650.jpg,1024,683,kangaroo,515,57,851,603,https://img.theculturetrip.com/wp-content/uploads/2018/04/boxing-kangaroos--scott-calleja-flickr-.jpg
kangaroo-34.jpg,1200,800,kangaroo,1081,318,1198,645,https://images.newscientist.com/wp-content/uploads/2020/12/15192905/16-dec_kangaroos-ask-for-help.jpg
